Company,Image Link
Apple,"data:image/jpeg;base64,/9j/4AAQSkZJRgABAQAAAQABAAD/2wCEAAkGBw8PEBUPEBAQDw0ODw0QEA8NDw8QEA8PFREWFhURFRMYHSggGBolGxUVITEhJikrLi4uFx81ODMtOSgvLisBCgoKDQ0NDg0PDysZFRkrKysrNysrNy0rLSstKysrKysrLSsrKysrKysrKysrKysrKysrKysrKysrKysrKysrK//AABEIAJ8BPQMBIgACEQEDEQH/xAAcAAEBAAIDAQEAAAAAAAAAAAAAAwIEAQUGBwj/xABBEAACAgACBwUFBAgFBQEAAAABAgADBBEFBhIhMUFREyJxgZFCU2Gh0TJSkpMHFCNDYqKxwRVUcoLhNIPC8PEk/8QAFgEBAQEAAAAAAAAAAAAAAAAAAAEC/8QAFREBAQAAAAAAAAAAAAAAAAAAABH/2gAMAwEAAhEDEQA/APuMREBERAREQEREBETT0ppKrDVmy1slHAD7TtyVRzMCmOxldFZttYKi8SefQAcz8J890xrXicQStRbD08ghytYdWccPAfOaemNK242zbfu1qT2dQPdQdT1b4yCVyjhL7/fXfm2fWWW+/wB9d+bZ9ZyqSqpKguIxHv7vzrPrKricR/mL/wA6z6wqSqpA4GJxP+Yv/Ot+syGKxP8AmL/zrPrMwkzCQJjGYr3935j/AFmQx2K9/b+NpTs5yK4HC6QxXv7PxSg0jivfP6icCuZiuAGk8V75/wCX6Sg0nivfN6L9JgK5kK5BVdJ4r3rfhT6Si6SxPvT+Gv6SK1yyVwKLpHE+9P4K/pKDSGJ95/In0nCVyq1wOFx+J+//ACp9J22jsQ7qdsDMHiNwM6+qksdkf/J3FNQQbIhVIiJAiIgIiICIiAiIgIiICIiAiIgIidTrDp6rBJm3etYHs6gd7Hqei/GBbTWl6sJX2lh3nMIg+07dB9eU+Z6S0hdjLO1tPwRB9mteg+vORxmLtxVhtubac8B7KryVRyEpUkqMqkmwqzFBKqJRkqyirOFEqogFWVUThRKKIHKiUCzhRKKIHAWZBZkBMwIGIWZBJmqyirAmEnISVCzNUkE1rl1SZKkqqwMFWUVSTkN5M5ynYYTD7IzP2j8vhAzw1AQfE8TLREikREBERAREQEREBERAREQEREBETzWtmtKYQdlVk+KYbhxWoH2n+PQQNjWfWSvBLsjJ8S4zSvPgPvv0X5n1I+aX32X2G21i9jnMk/IAch8JFnexjZYxexzmzMcyTLoJUVrWbCCSSWSUVWVWSWXqQsQAMyYGayoE7bAYALvO9uv0m7f2aLtWZZDhmATn0Eg6TYUDedpui8B4nn5ThZTGYoWMCFCgbuWZ8ZNTKKqJRRJrKrAoomYWcIJZRA4VZQCZBZmqyDFVlVWcqsoFgcKsyO6c8Js4TD599v8AaP7wMsJh8u832uQ6f8zbiJFIiICIiAiIgIiICIiAiIgIiICIniNcNcOzzw2FbOzetlw4V9VXq3x5ePANnW/W0YfOjDkNieDNxWn6t8OXPpPnYzYlmJZmJLMxzJJ4kmTReZ3k7yTvzPWXQSoogl0kllllFUlkkVlVgVWd9ovC7IzP2jx+A6ToVm/TpGxTnmCOmQED0yZAZncB1nQ6RxHaWEg5oNy9MufzkL8Y9n2j3fujcJMSCiyiSayqSiySySKTYrECqCbCiSQS6CQZqJRVhRKAQAWZRK4ajbOZ+yPnAywtG13j9nkOv/E3oESKREQEREBERAREQEREBERAREQETh2ABJIAAJJJyAA4kmfMtcdcTiM8PhmIw+8WWjcbvgvRP6+HENzXDXHazw2Ebu71svU8eqIf/L06zxSLMEEss0jJRKqJgolVEDNZRZgolFECiyqyaiZiBVTKLJLKrAqsqsksqsCiyyiTQSyCBasTYQSNYmzWIFUEugmFay6iQZLMpiJwT6emZ6QNjD0lz/CPnOxAy3DhNCnHgDI1soH3cml1x9R9rI9GBBkVsxJpcjcGB8xnKQEREBERAREQEREBERAREQERED5p+k/T9gsGBTNKwiPaeBtLcF/0jLzPhPD1WCfX9eNF14nDkMoNqkFHyG2MuIDcQDPiOl3swj9+t2p++q95D0Ycx8RKO4VpZZ02B0lXaM0cN8OY8RxnZVWyo3FlVkEaWQwLqJVRJJLLAzAmYE4WZiByolEE4AlFgZqJVRJrKpAqgl0Ekk2KxArWJtVLJVLNqtZBRBLATBRMMbi66azba4StB3mPoAOpJ3AQKEeQHH6Cccfp0nnaNcMNbuzNfQOD/adjVjls+y6sP4GH9oHZ5gcd3jMWtXhx+GU0NuNuBaxl5Ll4Ej5CZ1XuvBmHn/aau3OduB2KaRsHEhvEfSXTSo9pT/tOc6fbjbgegTSFR9rL/UCJsJYrcCD4EGeX2424ivVRPN142xeDt5nP+s2K9L2DiFb5GIO8iaeB0gtpIy2WABIzz3TckCIiAiIgIiIEr6QwyM6DSmrtdoPdB8p6ScEQPi+sP6N62JesGqziGr7u/wAJ5HE4LSWCPeX9ZqHPg4H/AL4z9IW4dW4idTj9Bo44CB8KwGsVLnZYmp+BW3u7/HhO/qvnfaxagU3A51jPkwGRHnPB4zVXHYI54ewsg/dvvEtHqK7JsI08ThtaDWdjFVPS3DaUEqfLj6Zz0eC0hXaNqt1deqnPLxHKEdyjSqmaNd0ulko21lFkEeVUwLLLJIJNisQL1ibVSyFYm5UIFqlmygkqxL5gDMkAAEkkgAAbySeQkGOIvSpGssda661LO7nJUUcSTPjevWtJxloFeIWrDV5iqplDbTe9Ycdo58OQ3dScNfNfUx1jYOkJ+p1uAf1glBiXB3WbJG9Qfsjz6ZeUr0X3ttXNTEcKR3T0zDZ5wFd9p3WJdan3qmKof+2dk/1na1axsGCKbC4VQoubstlQMgBtHllluzmmiYteC14gD7p7Kz03gw2kKT3L0arPdliK+4fBt4gey0TrXi0U9sQxJXYAbaAG/PaJXM8uGU7inXujNVt2VZiFGy3Enhu4z5wdG4dl7ljVow402nY8lzymGErxAbYwq1405kEVVGuxd2feYd0busD7TXpahmK9ooYbiNpTl5gkfObiuCMwQR1BznzHA6u6QtyZq6sKOfbOLHHgqZg+ZE9jq5oGykMGtsxTvsb9jYWrZzz2ADmuee/M+yJR3m3G3NqrRFp3tsoOJ2jmQPL6zUxOkdH0bja2JsH7vDjb39MxuHm0g5D+st2L5bRGyo4s52QPWdf/AIxi7e7hsOmGQ+3YO0s8cuA884r1ZtxB2sVbZceOTt3R4INw9Iqp4nTeHQ7KM2If7uHXaH4+Hzka2x2IPcRcPWeZ77+vAek9VgNAU1Dco9J21WHVeAkHSaE0S9Q7zlid5J5md+i5TICcwEREBERAREQEREBOCJzECT0g8p12M0Qj8hO2iB8805qZVaCCgIPUT51pfUCylu0wzvWw4bJIn6FasGaOK0aj8hA/Oiaax2EOziau1Qe2vdbLxG4+YHjO+0VrHhr8gtgVz+7t7jZ9ByPkZ9J0tqsjg90HynzzWD9HaHMoNhvhFHbpbNmuyfODVpPR5yVjbUPYsBdcvhnvHkZ2mjddqWOzerYd+Z3smfjxHmJUe9qebdRnR4PFpYoZGV0PBkYMD5idlRdKO2qm5VOvoeb9RgbaT5P+kjX0MzYOnbGFG67EKM0ub3YI9gH8R+HHf131vtsb9SwVV9qsCLL6amZG5GtWHLqfKeYwerekLftLXhlIy/bPtuB8ETMeRIkHQo1Vw9ixem5svLlJNh6axmmIfDvyQHbrYn+Enj8J7rAfo6whyNoe+/MktVtUqfhsId3rPQU6MweByySjDu5CjZXbvc5E5HZzbkftGB860Vo7SluX/wCUPU2ezc+VGWXtFGIPoPWejw+qGJsGWJxK1rvzrw6mwjwsfLL8Jn0/D6GTZLbTWkbWQXuKzDMZZ8eI4zr9BaYWmhHxq04fFENtUVAvcp2twKgsRu5kwOg0P+jvB1768Ht7WztNiCzK2XtFWOz1O4c57HB6u7IALKijglS7gPkB6TQxGs91pyw+G4HNbMTyORGYRT0J585rto/F4r/qL3ZT+7XuV5dCq7j55wrtLsfo7DbnYWWgkbCHt33cMwvdU+OU1bNZsVb3cLhhUvJ7+82XwRdw9TNrR+rdacFHpO8w+jlXkJB5L/BcTit+JustH3Cdmv8AAuQ+U7rR+rlVfBR6T0CUgSgWBq04NV4ATYVAJnEBERAREQEREBERAREQEREBERAREQEREDFkBmriMCrcpuRA8rpLV1HB7o9J4TT+oddmZ2Mj1An2QrNe7CK3KB+bhqzicFej1u619rX2mTFc69obWeXHdnxnvxVam9SLV8lfLxG4/Ke5x+gUccBPM4rVy2o50sV/h4of9v0lGvh8a/AUXFumSAeu1NfF462xuzt/Zpw7Ks57X+t+fhN/D4uyo/tam6bVW8eh3idPjHLW7YR8s/u74R32C0T3Ac1StRuVF4DoBuAltmivdltPyDkkk/BBx8s5CnSNpr7NMOxzGRaxtgfy7/mJjVovEvuL9kp4ph17PPxYd4+ZgW0liR2F9TX/AKsbqWSoBdmxGKsNoKg2l3kcs93KeL0RqzTVYLVW7FXj97iGKITllmVzLP5sJ77BatovsjPqd5nc4fRSjlIry5wmMxG625gnu6f2aeG7efPOb+A1brTgo9J6irBgcpsrSBA6rDaMVeU7CrCgcpsgTmBgqATPKIgIiICIiAiIgIiICIiAiIgIiICIiAiIgIiICIiAiIgIiIHBEwakHlKRA03wCHkJL/DU+6PSdjEDRXAKOUquGA5TZiBNahMws5iAiIgIiICIiAiIgIiICIiAiIgIiICIiAiIgf/Z"
HP,"data:image/jpeg;base64,/9j/4AAQSkZJRgABAQAAAQABAAD/2wCEAAkGBxAQEA8QDxAPEBIPDw8PDw8PDxAQDxAPFREWFhYRFRUYHSggGBolGxUVITEhJSkrLi4uFx8zODMtNygtLisBCgoKDQ0NDw0NDysZHx0rKysrKysrKysrKysrKysrKysrKysrKysrKysrKysrKysrKysrKysrKysrKysrKysrK//AABEIAOEA4QMBIgACEQEDEQH/xAAbAAEAAgMBAQAAAAAAAAAAAAAAAQIDBAUGB//EADoQAAICAQEFBQYEBQMFAAAAAAABAgMRBBIhMUFRBRNhcZEGFCIyUoEHQmKhIzNykvCCweFDU7Gy0f/EABUBAQEAAAAAAAAAAAAAAAAAAAAB/8QAFBEBAAAAAAAAAAAAAAAAAAAAAP/aAAwDAQACEQMRAD8A+4gAAAAAAAAAAAAAAAAAAAAAAAAAAAAAAAAAAAAAAAAAAAAAAAAAAAAAAAAAAAAAAAAAAAAAAAAAAAAAAAAAAAAABWU0uLS82BYFO8j9S9USprqvVAWBG0uq9RtLqBIAAAAAAAAAAAAAAAAAAAAAAAAAAAAAAAIkc3TzjY3tqO0m4yTXCSfD0x6nSkcntOp1zjct0ZbMLeiecQsfh+V+DT5Abnu8H+VeiHusPpXoi9M8xz9mujXEuQYvdofSiPd49DMQBi7iP+NkdwvH+5mXJDYGLul1l/cxseMvUuyrAq8/VL1I2pfVIlsq2AdkvqZHfS+p/sVyUkwMnvU1z9Uia9c0/j4PmlvRrsxyYHcTJOd2bqPyS5fL4rodEoAAAAAAAAAAAAAAAAFLq1KLjJJqScZJ8Gmt6LkNAcfs+x1TdU224YTk/wA0H8k/F4Wy/GLfM6ho9r0NJWxy5VKW0kt8qn80V4rCa8YmbR3KUeKeEt64OLW6S81gDOAVZAZVktlGBLZRsMo2AbKjJSTANlGw2UkwDZSTDZRsBtNPK3Nb0+jO1o9SpxzzW6XgzgyZbR6ru555PG2uq6lHpAVhLKyuD3p9UWAAAAAAAAAAAAAAAAArJHFrh7vZsL5N8qumxn46v9LeUvpePyncNPtLTOyOIvZnFqdcuk1yfg+DXNNgZM7s9d5DZo9nalSilhpb8JvemniUH4p7jakyCzKORDkUbAlsq2Q2UcgJbKNkNlXICUm/lTl5GOT+3g+PobsZYhXOOMwezLPDD6/fBwfavt2dezCmuFl09pVw597Ct2+7zefgdkIWKMmsJrg+DDebKSZqdmdpVaqirUUS2q7oKcW+Kzxi1yaeU/IzykBEmY5MlsxyYHW7F1uP4UnxzsN8v0/7nbR4tza4PenlPmn1PTdl67vYZ/NHdNePXyZRvAAAAAAAAAAAAAAAAENEgDidoU93apLdG6XHgo34ws+E1u80upsxt2ltdeK5pm3rNPGyEoSziSw8PZkukk+TTw0+TSONprJRzGzG0nsWYWE5pbppcoyW/wBVyA3WyjZEpFGyCzZWTKuRVyAlyKSkQ5FHIDLC9xUkkpZi1suTim8bsy348z5JX7Q3z7UnptVpJV6mdcpU99Zjvr9PdK/RfHBRzH+ZXtL5lJI+pyka+pprs2O8hCfdzVle3FSddieVODfytdUUeA/BrtOd1OvzFQrWrdtdcd0KnbmUqoeHD0PoEpGOiiuuLjXCFcXKU3GEVFOcnmUnji2+YbIJbKSZDZSUgEmZdDrHTNTXDhKPWJrtlJMD3dViklKLymk0/AueY9nO0diXcyfwyea2+UvpPTZKJAAAAAAAAAAAAAAAAOT2zSotXcklC7r3ecqfnF7/ACbOsVlHOU1lPdh8GgOJCXJ7nHc//q8CHIw2VOpuD3938j+vTN/C/Fwfwv7N8SXIgu2UcirkUcgLSkUcyrkUlICzkUkyrZVyAmTMbYlIo2AkyrZEmUbAmUjG2GyjYESf255XFPqj2PYPaXf14k/4leIz5bXSa8H/AOcnjGzLoda6bFZHLx80V+aL4xZR9DBh018bIxnB5jJZT8DMAAAAAAACsrEuLS82BYGvLWV/VnyWSr1a5L/YDaBre8ZHe/5kDYyRKaXFmjPaf/UlF+EYN/ujTt0+fnnOf9U2ovzins/sBbtnUVrElKPeVNyjHO+ccYnW1xaa/dJ8jQytyjvi4qdcnzg+GfJ7ibNiG6Kiv6cLHkjU090ZSdKa2viuoXXG+2pf+yXi+SYGw5FHIptlXIgu5FGyjkQ5AS5FWyGyjYEtlZMq2VbAlso2Q5FHICzZjbIlMxysAu2UbLKEnySXVvZXqZtJoJWNKG1N/pSUV/qkB1fZDtHZsdEnmNm1KH6ZpZcfuk39vE9icXsPsWNPxyUXZwym2orHBN8TtFAAADW18pRrlKDw4rPDO5GyVkgPNPWzlvc5NeDWP2JVni/PJt6/sGM251t1Tb+avCT848H6GjLs/V1/9u1eGa5Pz5AbMZf5zMkbDn+9bO6yuyvrmG0vWJsUWQn8koy8E036AbD1KXPJq6vtuqqLlOcIKKy3KaWEauus013faa2W+uqF9sVK2qUanKSU9qOHjMHzODX7PaTUxfuWusaztYpvhckv1L5+m/K8wNzWe3OnUJzqk79hP+U4qDf097JqMXx4s4+o9s52xkqa7VLC2W63ZHHXb2lXL7SMOv8AYe2O+uOjsnxVltUveP75Zf7nH7Q7E1VcGp166e/akq9QpVLxTztY8AI7R7d1UotXW00qWMSVkoSb+nYi932kzj06++myq6E7rpVWKyNka51RjOPBNSjmUXvT3702uZWyyVcXmempk3zomrppcpZScue807HKxScqrreOG7NiGMZbwsYXgwPs+n1sNRVVqasbGoTk4rf3dy/mVvylkOR8+/DXtqFVs9BbKEK9W13MFnFOq37LxjEVP5c82l1Pezym4yTTi3FrxQF2yjkUcirmQXcijkYp3JGvZq8cwNtyMcrPE05WSfh4yeETVW5PEVKb6Qju9SjLO8qtp8MJPnLcjqaLsC6WG1CpPznL/g7mk9maotOebH1m8/twA8lRp3N4ipWPpXHEf7mdjR9gWvjsVLw+OfryPW06aMFiKXojMkBxdL7PVReZZsl1m9r9jrVaeMVhJL7GUAQSAAAAAAAAABSVafFL0NLU9j0T41xz1WU/VcDoADharsFuMoRtnsSTjKEntxae7GX8Ufs0eKo/DKrSvUS0ysg9RprdPLZsckttfOlLflNZWZH1IjAHyX2Z7C7T0M7429o2W1T01sKFqIynGnUtLu7HtZWF0T+xm9nu3O2J6qujWaCidc5yXvWmm63CCXzygm4tvdyXE+ozqi+KXoamo7Jqn+XDfOO5+oHy2f4i9lztt0+qr1FDhOdUnbRG6qclNx3OG/GVzR3Nd+H+ltWVRHD2ZLuLbKk+j2VJZ3cmmdftT2H0104WTqhZKtbNbsjGaiuPB7nhttG/KN8UozrhZGKSjsSlXLC4Ze9cugHzq/2Dpo4rVqGVJQjLukpLentVpSzwxlvDXA9LDVe8VK2L2rqkq9VBbpy5Qv2ejS345+R1fZmNeh0607lq5RjOySnf/GktuTlsbUMtpZ5mzq9VV8U65Ymkthqme0/B/Dw8GB5KzWLr6GtO+T8PPdu6ncs7M1F8s4jWnlt7KzLxwjo6L2SrWHZtTf6nnf5AeQri5vEVKf8AQnj1OtovZ/UT34jUvLame303Z8K0lFJY6JI2owS4JAec0fsrVHfZmx/rzj0O5RooQ3Rikui3GyAISJAAAAAAAAAAAAAAAAAAAAAAAAAAAADHKmL4pMhaeK3qKT64MoArGCXAsAAAAAAAAAAAAAAAAAAAAAAAAAAAAAAAAAAAAAAAAAAAAAAAAAAAAAAAAAAAAAAAAAAAAAAAAAAAAAAAAAAAAAAAAAAAAAAAAAAAAAAAAAAAAAAAAAAAAAAAAAAAAAAAAAAAAAAAAAAAAH//2Q=="
Acer,"data:image/jpeg;base64,/9j/4AAQSkZJRgABAQAAAQABAAD/2wCEAAkGBw8PEBUPDxAPDxAPDw8QDxAQDw8PDxAPFREWFhUVFRUYHSggGBolHRUVITEiJSorLi4uFx8zODMsNygtMS4BCgoKDQ0NDw8PDysZFRkrKy0rKysrKys3KzcrKysrKystKy0tKystKy0rKysrLTcrKzcrKysrKysrKysrKysrK//AABEIAKsBJwMBIgACEQEDEQH/xAAcAAABBAMBAAAAAAAAAAAAAAAAAQIDBAUGBwj/xAA/EAACAgEBBAcFBQYFBQEAAAABAgADEQQFEiExBgcTQVFhoSIycYGRFEJSkrEjQ2JyosEzU4LC0URjsvDxVP/EABYBAQEBAAAAAAAAAAAAAAAAAAABAv/EABYRAQEBAAAAAAAAAAAAAAAAAAARAf/aAAwDAQACEQMRAD8A7jCEIBCEIBCEIBCEIBCRX6muvi7og8WZV/WYnU9LtmVcH12kBHMC+tz9FJMDNwmnarrO2PXw+0mw/wDbpuPqVAmJ1XXFs9f8OnVWee7Wg9Wz6RB0eE5HqeukfutF83v/ALBf7zF6nrh1ze5Vpq/9Njn1bHpLB3CE896jrM2q/wD1G4PBKql9d3Mxmo6W7Qs9/V6k57u2sA+gOIg9Ku4UZYgDxJAEx+o2/oq/f1WnU+Burz9M5nmqzWO5y7Mx8WJJ9Y3tT4ywehNR082Wn/Uhj/AljeoGJjdR1n6BfdW+z4Iij1acPFkerxEdbv61k/d6Unze0D0Cn9Zj7+tHVH3KaE+Idz+onOFeSK8Qbpd1g7RflaqfyVV/qQTKVvSfW2e9qr/lYyj6Lia4rSRXlgzK7RuLB+1s3hybfbeHzzOm9CelP2kdheR26j2WPDtVH+4es4+jy3ptSyMGUlWUgqRwII5ERB6DhNc6HdJV1te65AvrHtry3x+MD9fCbHMKIQhAIQhAIQhAIQhAIQhAIQhAx+3dtafQ0tqNS+5WvLhlnbBO6ijixwD9CeQnPNX136FeFWl1VngX7KsH6Mx9JufTTYbaygdng3UMbKlbG5ZlSr1tnuZSR8cd2Z5s6R7J+z2byBuxsLdnvZ3kIOHqfPEMp4HPlLg6Rq+vK0/4OhqXwNl7P6BR+sw2q65tqv7g0tX8lLMR+dj+k5uYmZYjcdT1mbYs562xR4VpTX6qoMxGp6T6+3/E1mqfPc2ouI+m9MLmLmBO1xJyeJPMniYCwyDMUGBOHjt+QAxQ0CwGjg0rho8NAnDx4eVw0cGgWleSK8qBpIrQLQaPDyqGjw0otK8kV5UDx6vAuK8lV5SV5KrwLqvJkeUFeTI8DM7N2hZRYttTFXQ5BH6HxE7R0Z29Xrqt9cLYuBbX+FvEeRnBUeZfYO2bdJat1R4jgy/dde9T5Sbg73CUNibWq1lIuqPA8GX7yN3gy/MqIQhAIQhAIQhAIQhAIQhAJzbrP6Ko6vqQv7K3H2oKMmqwcE1Kjy5N4g54cTOkxtiBgVYBlYEMpGQQRggjvEDx9tDRvRY1VgwynBxxBHMEHvBBBHkZVM6t1k9DTS+4gJGGbRucktWOLadj3suSV8Qe85xyoiaQ2EDEgLFjYsB2YuY0RQYDwY4GRiKIEgMcDIwY4GBKGjw0hBjgYE6tHhpADHAwLAaPDSuGjg0CyrSRWlUNJFaBbV5KrykrSVXlF5Hlit5jleTpZA2ror0hs0NwdeKNgWpngy/8idq2fra9RWttTBkcZB/sfAzznXZNt6E9KW0Vm65LUWEb6/hP4h5ybg7RCMouWxQ6EMrAFWHEEGPmVEIQgEIQgEIQgEIQgEIQgY/b2yK9bQ1FmQGwUce/XYPddfMH68RyM84dOOj9mntdmXdsrfd1KgezvH3bU/gfn5E44ZwPT81Lp/0a+2VdtUgbUUow3P8A9FB96k+fMr4HwyZcHl8xCJk9s7P7B/Zyan9qpiOO73qfBhyI/sRMcRKhkIpEbAdFEbFEB0WNiiA8RQYyOBgPBjgYwGKDAkBjgY2itnZUQFndlRFHNnY4UD4kibHpeg+0bHWsVVhiwVx9o07mnP3rVRmZV88QMADHAzatm9EabGvxqn1a6TsVavQad3vstsdk3VFu6N1SuS/EYPdgzI7X6N7O0uittq39dqEapblOpWp9nC5PYNiU7y2MH4HjjjA0YNHhpBmOBgThpIHlYGPBgWleTI8pq0kR5Rfrslmu2Y1Xk6WQOkdX/S37Ow017fsHPssf3TH/AGmdZBzxHEHlPNFVs6f1ddL+Wj1DeVFhP9BP6fSTcV0mEITIIQhAIQhAIQhAIQhAIQhA5J1rdEVXe1NYxRe+bsDhp9S3AW4/A54N58eJPDiepoatijjDKSCJ7C1WnS1GqsUPXYrI6MMqykYIM879YnRN9JcauLYUvprDzu0w5qfGyvIB8Rg+Alwc/MaRHkRplQ2LAwgLFEbFEBwixoiwHgxY0GKICmb3snplptKUbTpdSi1hW0dVOmSl7N3Bd7vffjxyfCaJHCBtKdLQjW206PTVXalWXUOWusrsVjlx2DNuDJ58COJlPUdJtU6GpWropZGranT0UUVlG94EKuTnHjMHHCA/MUGR5jgYEgMcGkQMXMCYNJFaVwY4NAtK8lV5UVpIrQLyWS3TdiYtXk9byjt3V70wGpUaXUN+3Qewx/eqP9w9ZvM8y6TVMjB0YqykMrA4II5ETuHQXpYuvq3LCF1NY9teW+v41/uJncVtUIQkBCEIBCEIBCEIBCEIBMJ0u6PJtDTGknctU9pp7cZNVw5H4HkR4E+UzcIHk7pHsp6LHDJ2bo5rur/y7R3D+Ej2ge8TBkT0T1rdE/tFZ11KFraq93U1qON+mHHIH+YnMeIyOOFnANdpezbAO8pG8jDkynkZpFQxIpESAQzEhAcIsbmLmA4RQY3MXMB4MUGMzFBgSAxcxgMXMB+YuYzMXMB+YuYzMXMB+YoMZmKDAlDR6tIAY8GBOrSZHlRWkitAv12TI7L2lZp7VuqYo9ZypH6HxEwiPJ67JR6P6JdJKto0CxcLYuBdXnireI/hPdM5PN3Rzb12hvW+k8RwdSfZsQ81b/3hPQGwdsU62hb6TlW4Mp95H71bzEzuKyMIQkBCEIBCEIBCEIBCERmAGSQAOZJwBAWcI60uhg0lvaVLjS6l2ar8On1J4tV5I+CV8CCOAAz1vXdLtnUcH1dJI5rW3asPiEyRNX6R9N9naqizSmi7UV2runO7SPEMrcSGBwQccCBLg8821lSQRgg4IMiMz219ETk/vK8b/wD3K/u2D9D/APZg2EqGRIpiQFhEhAdFzGwgPBi5jIsB4MUGMjswH5igxmYoMCSGYzMXMB+YuZHmLmBJmKDI8xQYEoMeGkIMcDAsK0kV5VBkgaBcSybP0L6VWbOvDjLUvgX1Z95fxD+Id3075qCtJFtlHqrQa2vUVLdSweuxQyMO8f2PlCcl6mdp6oahtLusdO9bWkN+6cYAYeRzg/LwhMK7FCcx2311bPoZq6KNTqWUlc7q0VEg45v7X9M03afXbtGzhp6NLph4tv6iwfAkqv8ATA9ASjtLbGl0o3tTqKKB422pX/5GeYNp9N9rar/G1+pIP3a3GnX5ioKD85guZLHix4ljxYnzPfLB6Q2l1s7HpyEus1LDuopdgfg7bqn6zVdo9dzHhpdCB4PqLeOfNEH+6ccBkgMRG86/rQ2vf+/Sgd66epE/qbeYfIzAaral95zfddec5/a2vZ9N4nExKmSq0oydV0u0aiYZHlmu2UZTVJ2gDLjtEzu55MDzQ+RmrbS0oU76e4+cA81Yc1PmJsNN0h1ta8S3uWYDj8L/AHXA9DA1QiNMtazTmtircx9CPGViJA2EDEgOhG5iwHZi5jIuYD8xQYwGLmA+LGZi5gPzFBjMxcwH5hmMzFzAeDFzI8yamix+KIxA5tjCj4seAgIDFzLdOzGPvOB5IO0P1yF/ql2rQ0pxIB87GL+gwB896BiqgzHdRWc+CgsfoJdq2bafeKp4gnfcfFVyR88TO7O2bqNSNzT0W2qfwoEp/sk3HZPVjrrcG+yvTL+FR2j49APWFc+q2bWvvFm/mIRfyrkn8wmW2NpO0sVaKXuAdQ4qAUBc8d5ic48i3Gdb2V1ZbPpwbVfUsO+1sr+Uez6TbtJoaaQFqrRAOQVQAJKNf6EbJOlRyV3O13DuKm6q7u9xz3k73h3Qm0QkHLOmPVNRczXaLfosdmd03+1pZmOWO43tLkk8jgeE5VtrobrdIT21DFR+8qy6fMYyPmJ6okd1COMMob4iWjx99mz7rA/HhGNUw5gjz5j6z0tt/q42fq8t2fZWH95X7DZ8TjgfmDOd7b6qNbRltM66hRyVvYsx8eRP0lqOWAx4MzG0Nl2Utuamhqmzj21KZPkw4N8sym2zwfdcjybj6jl6wKytH9oBzIHzjvstqHO4LAO4e2D8hxj6b6OT0KpzxKlsg+QJz9SYBXYSMqrsBzYKd0fEnhJ6t4nGUTHiS3/iMSOpC7kpctYz+zAwthHfvHA4/wAqmM1NTGzdNVlzBeKneKkdzfdzzHdmBdFtaEdo7OSOCIcM2OeNwMTLotAUGvTg73Bu1ZRuqe88CcY7sTEFmG7gpUo5+6zKfDA3cDlz9Y5rlIXesa72ju9mW48R7LEY4ekKn1mk3l7MlTYgLVEEnfr7048cjuzzmBZcTP7zbm6lVdJDBxkhGU/iAGST85T2jRvr2ygDju2qPuv4/AwjEERskaMIgNhmLEgLmGYkIDswBjYuYDwYuYxck4AJPgBkyZdO3fhfInLflGSPpAbmG9LSaRe/eb4kIPoMk/US1RWMhUGWPJa1O8fhjL+sCkmmc926DyLkID8M8/lLNWgH3mJ8lG6PzNx/pM2vY3QTaepOU0xqVsEveezz8uLZ+Im9bH6nF4NrNSz/AMFQFa/AniT8iJFckSqtOQQHhxIFjH82R9AJntmdGdfqyDVprWHdZdlVHwL8cfCd22N0M2fo8GnToGH32G+/5jx9ZnkQDgAB8BiKOQ7J6pb3wdXqBWO9KRk/mb/ibrsjq92bpsEUi1xx37SbDnxG9y+WJtcJBHVSiDCqFHkMSSEIBCEIBCEIBCEIBCEIFTXbMovUrbWjqeYZQQZo22+qjR25bTs2nbnhTmvP8p7vhidEhA4Ftbq72jpslUGoQfeqOGx5qf7EzWNRSQdy+shh92xCrj5NxE9SSjtHY+m1K7t1Ndg/iUGWjzBZsuo8VLJ895R8c8fWRjRXoP2bq6HkN4YOe/db2T6zuW1eqzR2ZOnZ6Cfu536z8VbPDyGJoe3+q3X109lUEtRd3dK8G9kg8Q3kPEy1GhXt7YbUUksBhS28vDyVsrj4ASS1lswK7VqyfaFisRju3OJwefMgfCZZNNqqCa9TXu8Me1V2Yc+G7ndI/wBIhZs+h+aFD4od3l5cV9IGIv0wSom1rbUyPcbhn4p7P0JjaNSE4mtaqyu6yMyI1iE/dUcMjmCJkTsZ1O9TbxHxrYeQYZz6SjrNHap37azkff3Qw/OMj1iDH7R0vZtwO8rDeRhyZTyMpGZ/S1i9fs54Ekmkk4Ac/dyeQPocd2ZhL6ijFWBDKSCCMEEHiIEMSSdkefIeLEKPWPSjPeW/lGB9T/wYFcx1dbN7oJ+A4D4nultKMdyj+s+vD0l7Z+zbtS27RTbqGB+6rWBT5n3V9IGLTTE82HwX2z9Rw9ZPXpl8PznPouMfUzouxuqfaeowbuz0iHHvHtbPyqcf1Te9i9T+z6cNqGt1Tc8O27X8N1cAj45kVwrS6d7D2dSWWt/l1IW5+KoP1m37F6s9qanBNSaZPG0jex4hFz6kTv8As7Y+m0yhKKa6lHIIiqPSXoo5dsbqa0qYbV3WahuGVU9lXn4L7X9U3vZPRrRaQbun09VfmEAJ+J75loSBAMRYQgEIQgEIQgEIQgEIQgEIQgEIQgEIQgEIQgEIQgEIQgVtXoKbgVsrRweYZQczVtp9XGhtyaw2nY/5Z9n8p4ek3KEDjHSHqq1RH7KztArbylGNVowCPMHgfKYO/Q6nTYF1VtZGAWZTg/6hwnoOMsqVhhlDDzAMtHnbaukqs0ptVFFiW8XUbrEEDmRz5HnNT0+kqKC17XBYsGzYqgsDjnjPh3z01tDo1oXzvaak73P2efx8YzZnRfZ9XGvSUIf4UAijzfouj2o1Fh+yaa+/OOPZvug44jtHwPPn3zd9jdTuvuwdTbVpVzxVc3WY9AD9Z3eupVGFUD4DEfFGhbE6ptl6fBsR9W4+9e28v5AAvpN10uiqpULVWlajkFUACWISAhCEAhCEAhCEAhCEAhCEAhCEAhCEAhCEAhCED//Z"
Asus,https://encrypted-tbn0.gstatic.com/images?q=tbn:ANd9GcRdRTeVuukS-qgvNLXg4sGN8nuOcZtS8o3RhA&s
Dell,"data:image/jpeg;base64,/9j/4AAQSkZJRgABAQAAAQABAAD/2wCEAAkGBw4NDw8NDQ8NDQ0NDQ4PDg4NDQ8NDg8NFREWFhURFRUYHSggGBolHhUWITEhJSorLi4uFyszODMsNygtLi0BCgoKBQUFDgUFDisZExkrKysrKysrKysrKysrKysrKysrKysrKysrKysrKysrKysrKysrKysrKysrKysrKysrK//AABEIAL8BCAMBIgACEQEDEQH/xAAcAAACAgMBAQAAAAAAAAAAAAAAAwIHAQQFBgj/xABAEAACAgECAgYHBQYGAQUAAAABAgADEQQSBSEGBzFBUYETIjJhcZGhFHKCsbIjM0JDYnNSkqLB0fBTFSRjg8L/xAAUAQEAAAAAAAAAAAAAAAAAAAAA/8QAFBEBAAAAAAAAAAAAAAAAAAAAAP/aAAwDAQACEQMRAD8AvGEIQCEIQCEIQCEIQCEJqaniemp/e6iirH/kuRPzMDbhODf0z4VX263Tt/af036Mzn3dY/C19iy637mnsX9YED10J4K7rR038vS6pvvmqsfRjNG3rOuP7vR1r731DP8AQKPzgWXCVRb1g8Sf2V0tY/pqdj8y2PpNWzpXxSzt1TKPBKqV+u3P1gXDMMwHMkAeJOBKWfiOss9vV6ps932iwL8gcRBoDHLkufFyWP1gXHdxnSV+3qdMh8GurB+WZo29LeHJ26hW/tpZZ+kGVgmnUdwj1rHhA97b050Y9ldRZ9yoL+oiatnTxf5elsb+5atf5Bp5BQIwQPQ2dNtUfY09Kffd7PyxNazpTxBux6a/uVZ/UTOSDDMDcs4xrn9rVW/gCV/pAmnbdc/t36h/v3WN+ZhmRJgdnobxBqNSKmY+iv8AVwSSBZ/CR7+7zlhyn2YqQwOCCCCO0Ed8tThGtGporuHa6+sPBxyYfMGBuQhCAQhCAQhCATT4rxXTaJPS6u6rT1ltoa1wgZsE7R4nAPIeE3JWXXronfSabUKTsoucMo7MuowfLaYHd1HWdwWvkNS1h8K9Pe3124+s5ep64OHLyro1tvv2VIv1fP0lHrJiBbWo65P/AA6An326rb9FQ/nObqOtziLfuqNFUP61ttPz3qPpK7EmIHr9R1j8Ys7NQlXuq09X/wCwxmhf0q4pb7eu1X4LTT+jE4axiwNq7U3W/vbrrf7tr2fqMglSjsAHwEisasBiKI5BFLHLAaojUEUsasB6RyRCRywHrGLEqY1TAcsYDEqZMGA4GSBigZIGAzMMyGYZgTzIkyOZEmAOZ63q+4hzs0rHt/aV/HsYfkfIzx5MZw3WnTX13L/LcEjxXsI8xkQLihIVWB1V1OVdQynxUjIMnAIQhAIQhAJx+l/DBrdBqdPjJepio796+sB54x5zsQgfJSgqSp7VJB+IOIwTudYPCvsXE9TUBhHf0lfhsbmAPgCJwhAYIwRayawGrGLFLGLAcsYsUsYsB6xqxKxqwHLGrErGqYD1McpiFMapgPWMUxKmMUwHAyYMSDJgwGgyWYoGZzAZmGYvdDdAmWkC0iWkC0CRaLczBaLZoFmdAOJem0xpY5fTnb/9Z5r/ALjynqJUnQzif2bWV7jiu79k/hhjyPkcS24BCEIBCEIBCEIFSde3CuWm1yjszTYfdnK/mflKnUz6S6fcLGt4dqasZYVmxO8hk58vfjI8581pkcjyIOCPfAcsmIsRggMWMWKWMWA5YxYpYxTAepjViFMapgPUxqmIUxqmA9TGqZrqY1TAepjFMQpjAYDwZIGJBkgYDsw3RW6G6A3dMFovdIloDC0gWkC0gWgTLRbNIs0gzQMl8S5+i3E/tmkqtJy4Gyzx9IvInz5HzlJM09t1X8V2XPpGPq3ruT+6o5jzXP8AlgWbCEIBCEIBCEIGCM8jzB7Z8x9MeF/YeIanT4wosLJ9xuYP+/nPp2U316cK226fWqOVimp8f4l7CfIqPKBWSxgiUMaIDBGLFAyawHKY1TEKY1TAcpjVMQpjFMDYUximIUxqmA9TGKYhTJqYHV4VpFtLvaxr09CB7nUbmwThUUd7MTgZ+PdNk8SoXlXotPs8brL7bT7ywdQD8AIvhO19NqUclVW/RW2leb/Zw1iOwHuNqHznbXo5pUZha9tTM9lVVWodKns9GQTdU+ArBgVC5wMsTz24IcyumjVerQDp9QfZpezfTaf8KOeat4Bsg+M5pJBIOQQcEEYIPgZ3L9HogLAmo0qq9VQRy1jPXqq22vgAFvRuAxz/AFLy8NDjxDPVdkMdRQruwBAe1XepnAIz63o934oGluhuid0N0BpaRLRZaRLQGFpAtIFpAtAmWkC0gWkC0CRaN4frWotruQ4et1dfiDnHwmqWiy0D6K0GqTUVV3180tRXX4EZwffHzwnVVxf0tFmkY+tQd9f9pjzHk36p7uAQhCAQhCATyvWZwr7Zwy9QMvSBcnuK9p+RJ8p6qQtrDqyMMqylWB7CpGCIHybWY0Tc6R8ObR63Uadv5drAE94yefnNIQGiTUxQMmDAcpjFMSDJqYD1MYpiFMYpgPUximIUximA9TJgxAMmGgdDh+tbT2CxQrcmV0fmllbDDIw8CJ0H4cupO/RWC3d26e6xU1Nf9I3EC1R3FefiBOEGmd0DvL0f1K89Qq6Soe1bqWVAB7lzuc+AA5zX4vrUtsUVAimmpKad3tmtcne3vZizfinKBEzugO3Q3RO6Y3QGlpEtFlpEtAYWkS0WWkS0CZaQLSBaRLQJFpBmkC0iWgd/oZxj7FrKbicV7tlvh6JuRPlyP4ZfgnzEr4Mvjq+4v9s0FZY5to/Y2eJ2gbW81x55gelhCEAhCEAhCECkeu/hXotXTq1Hq6ivax8XTkfpt+crpTL/AOtnhP2rhtjKMvp2W1fHHYR8OYP4Z8+1mA4RgMUDJgwGgyamJBkwYDlMYDEAxgMBwMYDEAyYaA8NJhprhpINA2A0zuiA0zugP3Q3RO6G6A7dMbonfDdAaWkS0UWmC0BhaRLRZaRLQJlpEtIFpEtAkWkS0gWkS0CRae76puNeg1n2djivVrs59guXJQ/qH4hK/LR2i1LVOrodroysrDtDA5B+cD6ihNDgPEl1ulp1SYxdWGIH8L9jL5EEeUIGNfxvR6blqNVpqSP4bLq0b5E5nE1XWJwmvkNQ1xHdTTY3+ogL9ZV3Tfos+l1NrIuPS2WWqFHq2qzE7l/rGea/8jPmKmgXFqOtOj+Rpb3/ALrpUP8ATunPu6yNW/7urT1D3h7WHnkD6Suqmm5U0D1Or6T67Uq1dt59HYpVkREQFSMEchmVjrqfRXWJ2esSPgeeP9vKexqecDpRRh0tH8Q2n8x/vA5IMmDFgyQMBgMmDFAyQMBoMmDFAyQMBwMkGiQZINAcGkg0QGkt0B26Z3RO6G6A7dDdFboboDd0xuit0xugN3TBaK3TBaAwtIlostMFoEy0iWkC0iWgTLSJaQLSJaBMmY3RZaRLQLj6mONblu0Dns/b058OSuv6T5mErfodxdtHrdPep9i1Qw8a2O1x8iYQLx6S6Aams1sue9W70buYSpOO8GatzuAW3t3diWjxz3H/AKfGXzfSGE8zx7giXKVZQR8Ow+IgUmmQcEEEHBB5EHwm3U06PHuEHTsQ5249iw52lezBPgPfzGe8dvJXKnBGCO4wOgj45nkPE8po8Y1FN1ZqW2trRkqiurNkDPYPh9ZnV8OotIurp9LjPpqS7u47MPWGPrAc8r2+HZgu0YRkxRp8bh6rHZWPDHIkjB7iMwPKIZMGZ1NXo7HTs2scD3HmPpIAwGAyQMWDMgwGgzIMUDJAwGgzIMVmZ3QHbobordM7oDd0zuid0N0B26Y3RW6G6A3dMbordMF4Dd0xuiTZImyA8tIlosBj2AmSFDd5A84AXkS8cNL3nPywPmZjdSpxuUnwBLt8lgI3GSFTHuM3adBq7m/9vp7im0DJp9Hls9uW7uydnRdCOIXEelKUqe0k72+Q5fWB56rRsxwOZ8BzP0m7Xwg8t5C57NxC5nveE9X9FR32Nbc/Zkua1A7xhSM+eZ6zg/A6tOc1VV1nvKoAx8+2B5Xq+6EKb01Opps9HSRZX6RSitaCCpIbmw7+QxyhLR0ynEIG6REX0hhNmRIgeU45wdLlKsMg9hHaD4j3yrOPcJs0rBXUehVbCtigDkACoC/DdlfhiXvdSGE89xrhCXIyWKGRu0EfWBSmnv8AZdGBBAZXU5BHiDHWV+kJsqLJcSDZUtnoq9R4nI9l/eMZxz9zeknBP/SEcpU70Gz0i7OYVT7eBj1cD1sdnI93Zz6rgyq6nKuoZW7MgjI+B90DncW2lg6CwY9R1tDB1Yc8Nu5k8zz55xNMGdvirelrOQC6jO7vIXnz8s/OcEGAzMzmQzM5gTzM5i8w3QGZmcxW+Y9JAdumd0QHJ7JLY/hj4kD84Dd8x6SID152m1C3+FTuMmWrXtyfvEKIEjZAFj2An4SVDNZypqaz+3U9v17J1dL0d4ld2adkHjdYqD5LkwOX6Ju/A+JAmRUO9s/dBM9Zo+r3VPztvSseFVe4/wCZv+J3dH1baYYNpuvP9dhA+S4ECtWape0j8TD8hNnTU22/uaLrPApSQv8AmaXJw7odpaf3enqQ+IQZ+c7dHB1HYoHlApbS9FuJXY/YpUPG60sR5L/zO1o+r29v32pK+6itU+pyZblXDAO6bVegA7oFaaPq50a87Ee8+Nzs4+XZPR6DovRSAKqakA/woBPXppAO6NWkCBw6eFKO75DE26+Hgfwjz5zqBBJAQNFNEPCPTTgTYhAgqYhJwgEIQgRIibqgwmxIkQPNcX4WlqsjruVv+5B7j75S3TfhGo4W1b1oLNLvKnC7fVbGFIHYR3Y8fl9EW1BhznD4rw1LFat13I6lWB7wYFDOdvvwf+gzhXLsZl7geXvXtB+WJ7Lpn0Zv0O+yo7tOMkORkquD6je/OOZ5HHlPM9IqkoNDKCar6hYoB9Zc4JUHvHPPPszA0d8xvk9NVZbyo09lvvCs/wCXKdI9HuJ7dw0zqCQAqCsMc+4mBzQjnuPny/OZ9Ee9lH1nf0HQjiVgG8LX4mx9zfITv6LqzJwb72PurQKPmcwPAMUXtLN8MCKOoJ9WmtGfwO6w4+AlyaLq60SY3VelP/ykv9Dyno9F0cqqAFdaIPBVCwKI03AuJ6gDZVcoOckItK/6uc7Gk6tdZaQ1z1oRjtL3Hl39wzLyp4UB3Tcr4cB3QKk0HVfSOdtltme0LtqXP4Rn6z0nD+geiqwV09ZYfxON7fMywE0QHdHLpgO6B5nTcEReQUAe4Ym/VwsDuncWkCTCCBy6+Hgd02U0YHdNzEzA1104EYKxGQgRCiSxCEAhCEAhCEAhCEAhCEAhCEAhCECJEVZUDHzGIHC12gzkEZB8ec4L9Hac5FNOfH0S/wDE9y9YPbEfZxA8tVwnHYAB4AYm3VwseE9AunEYKhA49fD1H8Pzmymjx3AeU6IQTOIGmmljloAj4QICsSQWZhAIQhAIQhAIQhAIQhAIQhAIQhAIQhAIQhAIQhA//9k="
Lenovo,https://encrypted-tbn0.gstatic.com/images?q=tbn:ANd9GcSoR2ZEQw2BOZiMAUhFWEulx9BVsx6h0GykyA&s
Chuwi,https://encrypted-tbn0.gstatic.com/images?q=tbn:ANd9GcTbCpKB__-x4uqDd6u1DbH8qZAvaUU5Ui-Q4Q&s
MSI,https://encrypted-tbn0.gstatic.com/images?q=tbn:ANd9GcTmiaPmVJcWVikaHxEf5On0hqWmTqPM8ku6Aw&s
Microsoft,https://encrypted-tbn0.gstatic.com/images?q=tbn:ANd9GcQwn2ItHf8Z0zEMeEH-aC_NOQf_K-iYkCgLGQ&s
Toshiba,"data:image/jpeg;base64,/9j/4AAQSkZJRgABAQAAAQABAAD/2wCEAAkGBw8PDxAPEBAPEA8PEA4NDxAPEBAPEBANFREWFhURFRUYHSggGBolGxUWITEhJSktLi4uFx81ODMtNygtLysBCgoKDg0NGA8OFysZGhkrLSsrOCsrLSs3KysrKysrKysrKysrKzcrKysrKysrKysrKysrKysrKysrKysrKysrK//AABEIALcBEwMBIgACEQEDEQH/xAAcAAEAAgIDAQAAAAAAAAAAAAAAAQIDBAYHCAX/xABBEAACAgEBBAYGBggFBQAAAAAAAQIDEQQFEiExBgcTQVFxMmFygZGhFCIjQlKxFTOCg5KywtEkRGKiwRZDU1Tw/8QAFAEBAAAAAAAAAAAAAAAAAAAAAP/EABQRAQAAAAAAAAAAAAAAAAAAAAD/2gAMAwEAAhEDEQA/AO8QAAAAAAAAAAAAAAAAAAAAAAAAAAAAAAAAAAAAAAAAAAAAAAAAAAAAAFZzS4tpL1vBq27V00PS1FEfatrX5sDcB8e7pVs6Hpa7SL9/X/c0ren2yI89fp37MnP+VMDkoOH29Z2xo/5ve9mm9/0mnb1ubIXKeon7NEl/NgDngOtreufZy9GjWy/YoivnYalvXZpvu6LUv2p1R/JsDtQHT1/Xc/ubPT9vVY+SqZqWddmqfo6LTx87rJ/0oDuwHRF3XLtJ+jTo4ecLZ/1o0rOtvbD+9pY+xp3/AFSYHoQHnC7rO2zL/NKPsU0L84s0rOnu2Jc9ff8As9nH+WKA9OA8sXdK9pz9LXax/v7F+TNK3auqn6Wp1Mva1F0vzkB6ylNLm0vN4Ne3aWnh6V9MfashH82eSrJyl6UpS9pt/mY+zXgvggPVV/S3Zlfp7Q0MfPVU5/mNO3rA2NHntHSP2LVZ/Lk8w4IaA9T7K6ZbM1c1XRrdPOx8I17+5ZL2Yyw37j7p46a/v7/E7t6nOndmozs7WWOd0I72ltm8ytrS+tVJ98orinzaz+HLDtgAAAAAAAAAAAAAAAA4l1l9KJ7M0StqUXfdZHT1OazGDabc2u/Ci8LxwctOKdZvR97Q2dbXBZvqxqaF3ysgnmH7UXJe9AdB6rVXaubnqbrb5t5bsm5L3Lkl6kkhDZ9f4V8DR0t2UmfWpnlAY1ooeCD0UPA2USBoT0CNeejwfYKSgB8OdLRjcT7NlJqWacDQwMGadRjcQKkYLYIAgEkAQMEkAQQWwQBXBGC2CGBXBfTaiyqyFtU5V21yjZXOPpQmnlNFSGgPT/QLpTDamihesRuj9lqa0/QvS44/0v0l6n45OSHl/oD0pnsrWRu4vT2Yq1UFl71OfTS/FHmveu89Oaa+FsI2QkpwnGM4Si8qUGspp+QGQAAAAAAAAAAAAAAAHnPrO6Pfo/aU3BY0+s3tTV4Rk5faQ90nnykj4Oks7jvnrT6OfT9nWbkc6jTZ1NGOcnFfXrXtRyl693wPPdFnJgfaTLI16Z5RmTAuiSiZOQJaMc6zJkMDTspNayg+m0YpwA+TKoxuJ9KdRgnUBpYIM8qzG4gUwQWaIwBUFsEAVBIwBUhosQBRo7c6k+mG6/0VfL6rzLRSk+T4uen/ADlH9peB1KTXZKEozhJxnCSnCUXiUZp5Uk+5prIHsAHFOrnpZHamjjOTS1VOKtVBcPtMcLEvwyXFeDyu45WAAAAAAAAAAAAAADzl1mdH/wBH7SmorGn1WdTTjgk2/tK17Mn8JxPRpw3rU6OfT9nzcI5v0udRTjm0l9ev3x+aiB0LpbO43kz49NnJn0qbMoDYTJyY8k5AyZJMeScgXyVZGRkCskYpwMzITWVlZWVlZxleGe4DTnWYZ1nO/o2zbdFdqKNJa7NPZV20LNTNzjQ3ntFjg08OL4cOLyfWnsmi+zNGi060/Z16zQ6muM1B2QxKWm1WW01JpxeVw8wOqN3PLj5cS9eitnjcqslmMrFu1ylmEfSksLil3vuO0rtfVZGGtrnXVKpS1VSk9Eq1Fx3Z6CW5GM8NZ9JPjh5fA+Vq9vaSqMa9Jipab/HaKfaWWrtZ8btJZFp9nGSbju8lnPADh3/Tmu7H6R9GtdG4re0W606sZ30k8tY78FddsHU0UVamcIum5RlCcJKeFJZjvJejnu8mjlOn6T6WlyhBWdjGTs0+Kq5WVVW8b9HmfKGeTi+XDuPmz6UwhUqKtPF0qVle5e3LOjlLf7Hg+GG3h8cLAHFcEGSzGXupqOXupveaXcs9/mUAqQWIAqQyxGAPtdDOklmzNZDUwzKHCvUVp/rKG/rL2lzXrXrZ6f0Osrvqruqkp12wjZCS5Sg1lM8inavUt0v7Kz9G3y+ytblpZP7lz51eUua9efEDuwAAAAAAAAAAAAAIaJAHm3rG6P8A6P2jbXFYovb1FHgoyf1oL2ZZWPDdPh6azuO9Ot/o99L2fK6Czdo86iOOcqcfax/hW95xR0FXPvA+qpFsmvTPKMuQL5JyY8jIGTIyUyMgXyQVyMgZqNTZXvdnOcN+LrluScd6D5xeOa9Rh3nhxy9181l4fmuRGSGwKSiY5RMrKsDBKJicTZaKNAaziUaNiUSjiBgaIaMrRRoCmCC7RAFcE1ycWpJtOLTTXBpp8GmMDAHo/q26WLaWkW+19JoSheu+S+7avPv9afqOXnl3oft+zZ+qrvr4pPdshnCnW/Si/Px7nh9x6Y2Zrq9TTXfVLertipxffjwfg1ya9QG0AAAAAAAAAAAAAiUU1h8U+DT5NHmbp1sD9HbQu06TVMvt9O+OOwm3he5px9yPTR191y9HfpWhWqhHN2i3rOHOWmljtI+7EZfsvxA6PombSkfPhI265AZsjJRMZAyZGSmRkC+RkpkZAtkZK5IyBZshkZIyAZVksqwIaMbRkZVgY2ijRlaKtAYmirRlwVaAxtDBdojAFTs/qh6W9hZ9Dul9jdJbjb4V3vgvJS5eePWdZYMlE3F5A9bA4Z1Y9Kfp+lddjzqNNuwm3znW/Qs8+DT9az3nMwAAAAGDW6uuiud1s4wrri5znJ4UYrmwM4OI6np7p1+rrssXdJuMIv1rmfG1fWFf/wBumqPtOU3/AMAdjg6b13TfaE84v3F4VwhH5tN/M43tDbOqtz2movn6pWza+GcAd/azaWnp43X01Y/8lkIfmzj20esDY9cZRnq67E04uNUZ3Jp819VNHQtyXgjRuYF9pRoV9q0zlLT9pN0OUXGXZZzFNPvS4e7PeUqkayks4yZIsDcTJyYoSL5AtkZK5GQLZGSuRkC2RkrkjIF8kFXIjeAtkhso5kOYFyGzG5lXMDI2RkxOZVzAytlWzE7PWVUm+Sb9wGVsjeK9lPwS82Oy8Z/BAHMq7SicHYq0pTm+ChGMpzb8Eo+o530V6sdfrJRlbW9Fp+DlO6OLpR8IV80/XLC8wOQdQuhuduq1TjKNHZxohJrEbLXPelu+O6kuP+o7mNHYmy6tHp6tLSmqqYqEd570nxy233ttt+83gAAAGltvQLU6a/Tt47aqdal+GTi0pe54ZugDzvtbYmt2fOK1FM6oSkou7T4nXL6r4rioNuWOEsPDZp1bUlKThwm1+7k1w7stPn6j0hfTGcZQnGM4SWJRklKMl4NPmcC251Xaex7+jslprE95QeZUt+pc4+4Dqm3W2N7sKLpvnwg2vjyNjTbOnbwldXTPGXVKM5WL3PdI6R9HdpbKxPsrI1Qcs20ylZUo45t/dXBc+Qr2m74YsdVr4uMJpqbSWcxklut+pvPDhkCmq2GoZ37pS8N1Rj555/mfIs0sd5uMYSSWGnOdkuL/AArDyb09UpcYy3l3Qv8AtEvJvivczT1FlT9KM6pd2F2lf/El8wNCdEJTcYOyMk+GIOa88cJJe5lYtdzT9a5Ge6Fskn9nqILhzV7jnux6cfka8ZqWcQlHGF3uEcLGOKyn5tgZYMy5NfkXUgMuRkxbxG8Bm3iHIxbxG8Bl3yHMwuZG/wCHEDLvEORRRk+74kuvxlFfMA5FXNB9mu+UvkQro5UYxTk+CXOTfqXeA3s8k2Sq5vux5n2tndGNq6n9TotTj8UqnRD3Ss3U/ccm2f1QbTt43WafTrwc5XTXuisf7gOv+y8Zr3cRuwX4pfI7o2d1LaSOHqNVqLX3xrUKYP5Sl8zlGzurrY9GN3RVWNcc6je1Dz44sbS9yA86aWuVkt2mqVkvCuErZfCKOSbP6BbY1Ho6SdcX966UKF8G975HozT6auuO7XCEIrlGEVBfBGUDpLZ/Uxq54eo1dFX4o1QnqHjwy3BZ+JyrZnU/sypp3S1GpfhOxVw+FaT+LZ2GAPnbJ2Do9GsabTU0+LrrjGT85c37z6IAAAAAAAAAAAAQ1ng+KfBnFNt9X+g1L34Q+jXcWrKFFLe8XBrdfyOWADz50j6sNpaNudMfpVK471Ge0S/1VPj/AAuRwyV04txmn9V4lGSw4vwlF8n5nrY+Lt/orodev8Tp4TljCsWa7o+VkcSx6s4A8wNQbym4S5pp/wD35kXysfGSja+Sk19okuX1lh/HJ2p0i6mbFvT0N6mu6nUYhNce6yK3X5OK9bOA7V2Bq9E39JoupWfSnHNWfVYsx+YHyqnvLimmufmHFo2tLfXHOWmn4ccmrq9fVngor2pJfICu8N5jSafVamW7pNNZqWufYVzmov1tJnI9mdW23b/S0kaU8Yd1sK1j1rLl8gOPbj72l7/7EfUXOTfkdmbO6ktTLD1OsprXfGmudr90pOK+RyjZ3U1suv8AWy1WpfP7S3so+5VKLx5tgdEyvhH7q85M+hoNma7UvGn0uos9ddM93+PG78z0lszols3S4dGi00JLlLs4yn/HLL+Z9lIDzvoOqzbV+HOqrTp/+xfHKXjitTOUbN6ke/U65vxjp6VH/fNv+U7hAHCNndVWx6eMqJ3vx1Fs5p/sLEfkcq2dsjS6Zbun09NKXDFVcIfkjdAAAAAAAAAAAAAAAAAAAAAAAAAAAAAAAIaTJAHzrthaKb3p6TSzl4yoqk/i0bFGz6K/1dNUPYrhH8kbIAiMUuCWF4IkAAAAAAAAAAAAAAAAAAAAAAAAAAAAAAAAAAAAAAAAAAAAAAAAAAAAAAAAAAAAAAAAAAAAAAAAAAAAAAA//9k="
Huawei,https://encrypted-tbn0.gstatic.com/images?q=tbn:ANd9GcTm3HySLMEKHbn0pgqtjgm36ir-1HtUFjrczw&s
Xiaomi,"data:image/jpeg;base64,/9j/4AAQSkZJRgABAQAAAQABAAD/2wCEAAkGBxMTERUTExIWFRUXGBYXFRYWFRcVFRUYFRUXFxUVFRUYHSggGBslHhUYITEhJSkrLi4uGB8zODMsNygtLisBCgoKDg0OGhAQGi0lICUtLS8tLy0tLS0vKy0uLy8rKystLSstLS8tLy0tLi0tLS0tLS0tLS0tLS0tNS0tKy0tLf/AABEIALwBDAMBIgACEQEDEQH/xAAcAAABBQEBAQAAAAAAAAAAAAAAAwQFBgcCAQj/xABSEAABAgMEBQUIDggFAwUAAAABAgMABBEFEiExBhNBUWEiMnGBoQcUQlORkrHSCBUWIzNSVGJyk7PB0fA1Q3OCg7LC4SQ0Y6LDJUS0JpSj0/H/xAAZAQEAAwEBAAAAAAAAAAAAAAAAAgMEAQX/xAAvEQACAgEDAgMHBAMBAAAAAAAAAQIRAxIhMQRRMkFxExQiYYHB0WKCkbFCUnIF/9oADAMBAAIRAxEAPwDcYIIIAIIIIAzXu4aRPyssy2w4Wy8tQWtJosJQkEpSrZUqGI2CMN9tZn5S/wDXu+tGteyI5kl9J/8AlbjCu/Sc46kicFH/ACJv2zmflL/17vrQe2kz8pf+vd9aIhM3CqZuJaS1Y8b8yS9s5n5TMfXu+tHotGa+UTH17vrQwTMj4wHl+4Q4adbPOfCehCz+EccSXssfcdCdm/HzH17nrQGdmxnMP/8AuF+vHiH5Mc92YV9BptI8q3K9kKC2pFHNklunYX5k0622kJ8l6I/Q48eNeYgq1Jgf9y/9e560SsnZ1qOoK0d93BiVreW0im++6tKe2GXu5fR/l25eV4sMICj/ABHL6+2IxyZm51eJfmljeXHiK7s7sKfoVuMPKx2/akwklJmnqj4sypaepSFlJ6jCft2/8qf+vd9aF06JPJxmXWZVP+q4C5Tg03VXUaR0HLMY2Ozqx8b3hmv0Ryz1mO7PjcPH329TiTtGadWENPzTij4KHXlKp0AmnTEjabE+yeW7MNjYFzYvZbUh0nsiPmtOJgp1bARLN/EYSEDrIxJ64rj0wtZqpRUeJgovzIvQvmTircfGBm3/AK931o8FuvfK3/r3fWiAhZhd3EDHZw/vEtKIpWTzlqTKedMviv8Aruei9HAtmY+VP/Xu+tEWEKOKq9cS1iSqL4W6kqQCAG0895fgtIpvNKnYDvIEJRSVl0MOofzLdoNsofW5MJacNG1GZVVZ+ajWXz00hS1pW0pZKFzC5loOYovTKryhSvMDl4ZjMCNZsTR7UJNqWrTWoSNSwKauWSOYhCcivduO84xRUWZOW7PLePIardvq5jSBkhA8JX3mpiiM75OrFF8PYq0k/Ou39W9MKuJK3D3w4EoQnNSlKWAB147IlUWFbBaS8EzerWApKu+SLwVzTdLt7Go2RfbCsRiZe7ylk/8ATpVQVNuHEzr6cUtqV4SEnEjLDiDFs0htJPKJUEtoBKjkAAMTFWTO48IlHApSowe1UWhLJSp9yYbCiQmsyTUgVNAlwnr6IjPbx/5W/wDXu+tDjS+21TbpfNQ2aoYSdjaTyldJOfWNkVtxUaoxem5clMoxT2Jz29e+Vv8A17vrRofcZ0omfbBEst5x1l1K6pcWpd1SElYUkqJI5pBHHhGSSrfhGL93Gj/1eW/jfYuQa2I6drPpuCCCOEQggggAggggAggggDHfZEHkyXS/6Go+f4372RBwkul/0NRgMdSAR6DBHkSpgVTd2qI/dr98LtttbXVjoar/AFwzggLJZpMmOc5MK+i22jtKzCyZqQTlLvuftH0pT5EN17Yg4IUS1E+nSJtHwMjLI4rSp9XTV1RA8kJTmlc44LqphYT8VFG0eaigiGj0CsFFdhrl3BSicSanjHkKqZI52HDb5ITidETyPYAIs2j+j14hb2CcwnaemBKEHJ0iLsmxXphVG0Ejao4JHSTGg2J3Pm0pvOLvKArgMBTjEtZiK0QhIA2ACgEK2tOrcIkJEa2ZcwcUnmtJFL15eQ4nZ0kCMGXPNy0Q2PTxdPjhHVLcz6eltbMBlhBWSq6lKRUqVuEbh3PO54iSCX5i65M05O1DAPgt71Y4q6abayGgmgrNnIvGjkwoUW6RlvQ2DzU9p27ALO45EsmW9kZJz1Oo8Ff0isQzq0pdUUy6DW6M3Fcdwipad27q7lkWcAl5yiFlGAaSrNNRkoipJzArtMS3dG01TItXGyDMuDkDO4PGKHoEUruRtoEwuafVVwhVFKONVZkk7TFMY6YubLoptL5cI0eRs5uz5NuVa8EcpW1azzlnpPZQbIyrTa0nJ2ZRZkscVqGvUMhTEg/NSMTxETfdG04S0lSWlBThwBGSePTFe0YkzI2XMWk78O+koZrmEuGgI4qPK6EiJY4O/aS+n5OPZaF9Si6UPtmYUlr4Jr3prilvC8eKjVR4mIZCbxpHriocy6LorG75GV/FI9dNBSLt3Fv0tK/xvsnIoTyovncU/S0r/G+ychIjNn0/BBBECAQQQQAQQQQAQQQQBjPsiP8Asv4//FGC0jefZEZyX8f/AIoxAS8W442BpSCHwlYUTJcIs9mxRGwUiaasyuyHzFjQ0dySg2VpLZOyHDNnrVsi4ytkIGcS0uy2jYIi3FFscF8lLY0fIF5ZoI5eSE4Npx37YtFqzjIxUSo7q4RVZ62q4NpCRvicZKraOTjGPBHuypGK1U7SeqEm2io0SPzxhZmXUs1UeuJqTZCRRIjleZCMNTOrJstKKKVyldgizyTZONaAZk5ARFNFKReUaDtPRDqRkZmecQwyg8vFKMhc8a6rwUcduQBrFOWXkjfjioK2SLU89MuCTs9JK11CnMuT4Sr3gIFcVZ7BiQI2LQ/RZizJe6CFOKoXniKFatw3JFTRPHaSTERIMyVhy128FvrAK1YX3FDLDwEDYPSSSSwZh+dVr3uS0DyEZA/2jz5ypfAjjUs28nUS4d83hUZbIremulbcgwVqop1VQ0jao7z80QvpPpC1JMF1w4+Ajao7AOHGPnm3rZdnHlPOmpOQ2JGwARPFic3vwRjBLcb2paLj7q3nVXlrNST2AbgIGLeUhNAaRHTTlIjSamN2y2ooyZHexatEbIXaU8hCq6tPLdO5AOI6TgOuLR3a7cSVtSLVAlkBTgGQUU0bR+6nH94RYNEpRFkWSuadT784AspOZUrBlrftqd1TujFJ+ZW66txZvLWpSlnepRqT5TFKeueryR2XwQrzfJxLt3jDh9cdNIuphs8qL1siC+GIkoxoPcU/S0r/ABvsnIz2NC7iv6Wlf432LkQkUn0/BBBEQEEEEAEEEEAEEEEAYv7IfnSXQ/8A8UZKhoRrPsiDy5L6L/pajHRNCL8LqzqJBDYhw2BEXKvFxxDSVJSVqCQVqCUAk0F5RwSOMTo0PtHXvsKaS2ZdAceWtYS0lBFUq1hwIIBpT4qtxixzXcmpI5S4IU76A2xEO2ZNiVZmqJ1T7habooXitJIII2Yg4mJe0+53aDbTjl9hwtJK3Wmn0rdbSnnKUgbuFYg5xO+0EH7ZSnbEROW+pWAh/YOgE7NspmEapDSyUtqeeS3rFJJBCAcTQgjqhCT0GnnJxckGQl9tJW4FrSlKEC7yyutCnlJxFc4g8i8kRc5MgXHVLOJrC8vL74uLfcmtGo/y91VA2vvlu66TXkt41Jw2gREy2jc1Sbq3dMmKzCVKAKMSMPjc05YZb4lGUeWIpN7jdlEO2l4hKElayaAAVJJ2ADMx3o5YUzOlYYSCGwFOKJoEprQnjTOgi4Skg3KsIcZdQ225rA7aKikqAbVccalGwa3iagK20JBpQxTm6hLZG6EYxGdiaKOuvhqiXJkUKwrlMSafjzBGC3NzQwrzq5RaLU0vlbKaVLSJ10wo1emFcoqXlUnbTYMhFPndKnHWXJOy2VNS7Ta3njUa51CKax55ZIrmMB0bKRHaFaPiYJmJlYalW8VuKNL3zUk7fznFKjfxTY1Rky16FaPv2i8ZmZUot1qSc1n4oiy6Zd0RiSHe8sEuPJF2g+DaphRRGZ4DriH0/tWeRLFuSbQzKttoU4W3mzMBpylxSmkqvtNmudKnbTGMeDo31/OyJRxqTuXHY57RSJW07UemXC4+4VqO/IcAMgIm9GdGFzSFuAclGcQFhya5qYblmbusdNE3jROROJAO47I2jRdbcnY7jhpUoUo+TDtMM2TSkocnVJNmFaQICHSkbIne5do533OpKhVpqjjm4kHkI6z2Ax1L6Dzc42iaQ5L1mNaWGVPBD7uqUpK0toUKKIunbti86OvJsmyFO3avrAVSmJdc5LaCPm5kcFR3LOltyzLjSlNt8Iie65bmtdU0k+9SpCTuXMuA4cbiQroNYzGUbqa7BFg02SWQzKkkrSkvTCjmt9+ilknbRISmvAxHSdnkpb99bQpz4NBDylr5ZQKBttWakkAVrhllEsdKKRybue43fXDNRifOijxKBexcKktjUTnLUit5KP8AD8oihqBlQwidGl6tTutTq0KurXqZu4hVaXVK1FEmpAod8TciE5WQkaF3Ff0tK/xvsXIok9KlpdwkKwSoKTWhStAWkioBxChmAYvXcV/S0p/G+xcjjZA+oIIIIiAggggAggggAggggDFPZEnlyf0X/S1GEgxuvsifhJP6D/pbjCwmJRVgVkJcOOoQXEthSgCtZIQgE4qVTGg4Rslv6UyE3Ju2SmcUlLLTOpnHSq5NONZtu0FblSKE7QT4IvYvqzHoYMNLO0y/otqT9qbMYdWF6qcU5Msit7UlxRV5Unfti9I0wkZbvh5M1IqYU06mWl5aULT/AC+YhaqYYYGtATjhlGFCVMdJlI7oZJY5Pg0Fa5K0rPkGlz7Um7KIcbcQ6hZCkqUkhxtQwJokYbzwqZaf0zk3py01pdo2qzHJVhagoF9wJFKAioqSQK7oy9ElXIRNWToq48QKUHREJ1FW2XR6WTJxi2pfvCxGtaNZLzTi300NW0mZvhSsMruOEW/WsKdtt510Jl5pLKW3DeAWEghVMK1xoBmdkQyrIk7NQFv8t0iqGU0vq4q+InieqsUy3rdcmVhS6BKfg20/Bt9A8JXzj/8AmeMp5fAqXf8ABd7tGHLtlvsjTRuWamdTSXSlpBlQcHXlpeQolQFQEkJ5pzBOex6dMLOUZBbakS5DU/QXL6ZCZmNWW1lITQoCwspIBwIJpjTKHElR3k9ZMPLKslTi7rbetc2g/Bt/OcOR6PTlGiOFQiUZU5yNbs3ShtpbYdn2y6uUeZdmxeQh9++VSxC7l4paSVJ1pTSqhmagc2jpOyqzlBRaCSy+060pbyQ44pSil5hstUeKjdUlxSkkbaYxVZWw2WKuvK1z2ZUrmJIyCE8MgTuwAiu29NF5fAZCIRUpvbjv+C1dOkt/4/JoGkGk0iZd+r0stDkrLtISwl1M6t1sNktvOhISGeQoEVyp0FW29JZNTbjj77c1JrmJJUnLJaIMs20tJmEqSUBKPewUXQTevbKxSdDtCVzjoHNQMVq2AfjBp0WlPhlgAMsC4gDafCUd5Jjmu56F9SHu9K5Mvjelkt3zLqfnmZkieW8y4hKh3rKFlxIQslAKSSUDVitKVrFa7pOlyHZdtmWWNStCKNCoUwEUvNLG01xvVN6sUZtIQnjEa6okxbLGtmyvwLbk2DQi1wZSzUMNsOPS6ZxTi1pWpyWLj5LdzlBN5YJOIVzYn1WwlU5JIL16XlErVNIAKkpfJUGS4nwlINFjOlzfEBoOpuRsh+bUASCbtfDXQJbT0XlDqrDr2v7yss60+/uhS3SecXXhiDxSMP3TGacpKTr0X3LoYVpSfqyrd0W2W3ZVhlU2idmUvPOF5F4pbZc5jN9YBVjjTwaU3RH6K2e887Juy6wCwKO0c1a0jvh1ahvopCwMMDUjfDPR3RN2aeS02OccVbAnaTG9Wbo0zKMJZaGQ5Stq1bSYsyzUFS5IwwXvIqzrLaG3mwXP8QuYU8da3VOuStKS1VWFwLpdwreXU4ilc0jtpqYQ+l1DaXil1tpPfLWrQFzKnw6rlghw3yleBCylB5NKRfpqzkk5RkPdIkUieQhIpeSCenH7hFXT5HOWlk8+CMY2is26QXqJUFXW2EEpNU3kMNoVQjPlJIrwi59xYf8AVpT+N9i5FWkLIKnmWxipxxKR1Zxfe59Z5Y0gYaIoU6z/AHSyz98bJJR2vcyaXVn0XBBBECIQQQQAQQQQAQQQQBiPsiPhZP6D38zcY2GRGx+yH+Hk/wBm9/M3GThuLIOjRghqsbhuOwiHTcuTkIfytkqVEnkSNccSIpDNYkZKyVLOUWizNG8KqoBtJwHlh3M29KSgoga1zhzR17YyT6lt6catmiOJJXLY6sPRHC+5RKRiScABxJhO29NmpdJakQFKyL5HJH7NJ5x4nDpio29pQ/NYLXRGxCcE9Y2xBKXCHSyk9WZ38vIqyZ4x2iOJqaU4pS1qKlKNVKUakneSYbKXDqzrNcfPJFE7VqwSPxixSrLEtigaxzxihkfmJ8HpzjZxsjLcp88DKy9HFEX3yWkfF/WrH9A6ceET3fyG0XGkhCBsG3iTmTxMRD88pRqTDVbhVHHC/ETjS2iKz86pZpsh7o5o+t9wCmG07BHtkWUVqFco1nRSyQhIoKRi6vqvZrRDk1Y8e2qQ2tp1Fm2coIwUoXU7ySMVRh7qiak5nExoPdbtbWPhoHkt4de2M8UK5R3ooVDU+WUZpWMppeEMkCph3aLd0gHOOLNaCnEA4CoqdwGJPkjW/EYHu6NbsqW1y5CRp70wgTszuK1H3hs+UGhzCuER/dNtjWPhhJwRirio/gPvie0RVqZF6fcFFzBLgBzDTfIYR0UGHBQjNJcqmJmualr8pUYzY1eRyfl/b5Nr4S7/ANG09yizNXKF0jFw4fRTgO2sWSbdhWWl0sMIbGAQgDyDExBSc3rC4vZWg6BGLLK2XQVuz184xk2k7JdtoI+KgdjRMasuM4s9N/SF6vgoV9mlP3xLpnpcpdkczq9K+aELHkLtrSiKcxtx09aVgegRPWMf/VLXQf8AxFQlIitvu/MlgBw+DH9Uc6NrrpQj6Sx5JVQ+6NKk5ZE3/qZsySxv/o32CCCLjGEEEEAEEEEAEEEEAYh7IQVmZIb0O9q2opUtZHCLt3fz/i5Hglwn6xqKdPW/dwRh6YVJ7RNvSyjFPUSDVmoQKrIT0/hCU1pEyyKNpvHecvJFQnbVUs84xHKeh7un43ZdLqq8KJu1NIXnucohO4YCIdTkJJvKyEO2LO2rNBu2xojBJVFGaWWUuWNk1UaJFTEtJ2WlPKeP7g++ORMobFECnHbDVyaJ2xPT3IWkS8xaWF1PJSMgMoZ60mGaFVhy2IlsiauQugViTkJWphrKtViz2NJ1IjH1GbSjZixk9o5Z1SMI0FoBppStwPoiDsZhLaLysABiYg7d0oLi9Wg8kGnTHgpyyzckaci4j5FEt9hTr6jmST6YdymjerZU+4KJSK9O4RpNkaLoNHVjAgGnTjFY7q1pBLSWUYAmtBuGUehhzym4wiqM2SMVb5MjfSVrWsx7YMgp99tlHOdUGwdwUaKV1JqYkVyt2XvHwqnyRZO4zZoXNOPkYMt0T9N3k16khXlj0sslCLkYIQuSXcsHdUnksy7cq3gKAADYhsXUj87ogu5JZmtn0EiobBcPSBh2kRG90G0NdPLANUo5I/dz7axoHcUkLrD75GKlBCegYn0iM9aMPr9zTdzb7bFp03tPVMKocVG6Pv8AzxiO0eTSWSfjVP3fdFe7o9oXphDQOCQK9Ksfwi1SKLrDY+YntFfvjHkjWNPuaIdgMZ3o7jbs4dwX6UCNEEZ3o9hb04N4X/SYjh4n6EcvMfUkLDxt2dO5hI+yhrocqukyf2j/ANg5DmwzS3psb2AfIWYbaHimk6R/qP8A2Dkasfi/ajLn8H7mfQkEEEXmMIIIIAIIIIAIIIIAw32Qv+ak/wBm7/OiMsebJjUfZDmk1Kfsnf50Rki7Ri/C0rslF0d95VjtMshOZhiudJhFTpO2LNUTuolFTqU80AQ0dnSYagQohERc2zu7PbxMKtpgQ3C6EwSJxjYoymH0u3CDDUS8nLxCc6Rsx46Hlny1aRdbElQMThEJZUrwhS3LZDaLiD0mPH6jVlloibIVFWxxpXpLhqmzRI7YgdGUKemEjOqh6Yrsw+VGpi+dy6Tq6XCMEivXkIvljjgwuilScpWahPzAbboNgoOoRiul7pemru6gjS9I52iaRmiEVdUs7zSIf+erk5/wV5o1FR7jPSpoIYSBkBSJ/uWLDNnzTx+Mf9iMO1UQWna6MtjfXszhzZE1q7DWBmt0jsST6I3ZPjxpd39yraM2+yKi64VLWo5k+kx9B6DSmps1hORUkuK/fNR2Uj5/kGSpaEjNSh2mPoq3HAxKKAw1bV0dSboivqnskjuJbIyK0ZvXzylb14dFcI1dwUAG4AeQRjujQvzSOKh6Y2OYirrVTjHsi3C7TYgjOM3YOr0jdHxx/M0kxpTQxjMtNVai3WHcgpLRPlKD6Iz9NvKS7pnM7rS/miSlFXdIVDxkvQdSUq/oj3Rxu7pSgfOWfLKKP3w20gWGrdknDkqiK/TvN/1RIWSP/VTXQf8Aw1Rqx+KL/SZs/ha/UbtBBBF5jCCCCACCCCACCCG89NpaQVqOA2bSdgHGAMR9kMr/ABcoP9Fz7RP4RlMaf3ViqZWh1XOTUDclJPNHkiiMyjQ+F1hrSmrUhNMDiq+k1xoKYZk1woQIqPDE0uWlgSm7MVvACrjNKeESQk0I3CvSI5MpLlKiluYJTiautBN2oAJVq61qQKXdoxMAQ0eRNiVlaE3Jil4D4VutMKmmqpUY4VxwxEdPSEuihU0+AoBTfv7BKkk85SQ2S3wrWvbAEHWCsWAWbLFZbQ3MqWSAgB1gJUSAeUpSBczOw0p5OEycoQuiJiqQCBrWccaKxDdMMN9awBBXuMehw7z5TE4ZOVulYamblboJdYBKiKgFN3DAHEVphvEevykknwZogpBSbzOONCCLtUgUOONd0BZCiYX8dXnH8Y4LhOZJ6zFhXZ0olSkLRMpWAKJC2V1UaUTVIIGBrXsjkScmSbiJtQCbxN5kUpnhuyxz4QO2QzDqAOWkqNcwojDDD0+WHCLQCUkI1iCRml5YxpuBx/OUSnekhQGk0eSCT72KLIJuZY5Zx6mRkroUtMyhKgu4atLvKR4NAajE0qaZjZAWyBVOunN1w9Liz6THImF/HV5x/GJsScnVIpNVNAR7zUE0oMSAc+EdqkJEXRema0VrBdbOrKSRSoPKrStRvEBZX3XlKpeUpVMryiadFcoNcq7dvKu53bxu133cqxPSkjJKPKM0hI5y7jSwmoN3AKqakU64SVKyd0GszjXC63XDpUAfLA4QqHCCCCQRkQSCOgjKHLtqvqFFTDyhtCnnFA9IKomFWdIhKDrJgKVUlJaRyRhcN4LN69U4DK6a7K8tSEkXEoLswASApYZQQgVoSUlwKNM6AduEDtsg25haTVK1JO9Kik+UGHBtiZ+Uv/XuetEkqRkqEh58gV/UpqRXD9ZQV6dsde18lqwvXTAJXcud7orS6CV3g9SgrSmcHuLZFi2Jn5S/9e560IzM044QpxxbihgFLWpagM6AqJIiY9rpOoAemCSQAEy4KjU0wBdF7o2w5csaXDikhc0UpJAc7yolYBoCEhwqAOeIEcpIWyvPTTiyFLcWpSeaVLUpSaYi6Sajqi39yaYUu25VS1qWol2qlqKlGku5SqjjkIg1SrYXRF8kZh1lKM9tL6qjLMDOLL3OpYtz6HwAFN3rtBQVUkpOHQojrjpyz6RghCSmg4gLTtzG47QYXgAggggAggggDl1wJBUo0AFSTsAihW3ahfXXJA5g/qPEw90ltjWHVoPIBxI8Mj7h/fdFbnHSlBISVEZJG05DqgCsaYTSQKHE5kegdfoimNqTipS2VE+CtLpIxOAuig8tMemJqfZcWsqWl5JzqGVKqa7iBT+wiMmQ8qqTfoKkVau5YDADM1yr6IAZuNJTiHGz9ELFPOSMOuE9WCCaJwIxO44ADjnDlMuaGusB2DVEg9J2eQxz3uulaKzpS4anCtejLZAHLhSUChaBBoUpvXzhz1gkp2bCDjlSkc8lJCrqCmmCVE0IApyqEHjgd0Pn5VOrQpK1lzAKb1CgE51VrCaKOWFPC4Qi6lwqC1AkmhoG7owwAISKZAYUGcAJOhN84tqvZXCq7VWAoVco041jxhA5SCWkk4X1FQpQ4gUwNeKTlshylCk8tNSo5pLN4Cta88EHZs9EcNsqCVG6a4JAunDaT2AdZgBsEApwCajFRrswAoN+MdOXSkfBggXboKio7SsgkgVrsoM8IVCXLpTdwJr8Hj51K7Mq795jwtroBdOBON01xph2QBwqgUF3UlJNUgqNcDkSKEdRrhsgUlKdqFXk+CvKuxX4QotLhABTkKCjd09ZABUeJrHpSq8FBFKUwuVGFMwcCMMjhACQRS8hQbBriStVBdBwGQNcsQeFIFNA8lN0lN6pvckgbU4Y/fWFhevXigdARdT1JGA8keNBaTUJBwpymwsZg5KrQ4Z5574ARUQcQEJuhPhmqqEAEVqa9GAAgIxKwAU3jmo1O0hVMcjStYUShVCLta0oaGopHd5d27dTTfq03868+l7Zv3wAhqwkYqSQoZJXlQgi+B6DHqUClwpRUkEKvkAXruOxNKUxI2nhRZbRuJIGNVA4bqEV44x0tClJBKkgpF0JurvEDEYgFO3eMvKA1U3eonAqyxXUUGQBx8gj1XKNQACBU0UrGmZqSTXGuzLyrpSq9eSAmlDS7xAwGW2tI6S1U3lFGJJKLi6415uF0Z4Y7soAbMgJVeuhSAaFJUQSDUgE0NMs94GBjwI5GKsCTgFKwUKYlORqDTbth0mqb1w1SoFHKRdNCBQlKVGh3YnKPFSwAPLbUdlEug4VwFUDA7jTZADYp5F0pFTQpVeOCeUFJpTEE+Qp4mES0mgwxxriSOB4f2EPmJW8UhS0pByNMNtKlRCRiKGpw9Pc1JBIBDiTXeE4dSFqO/OnbACDjBSQpIQLoAIDyF1IFCQkGtDmc8zswF10OKSaj+9PyCOqKlLgpJSdUKVxW1f20wISTx/IiVsCZLLoooKHzQoAg85ICgDXdhmBAGyWBaGrXQnkKz4HYr8/dFxjO2FVAI2xatHrQvJ1ajikcnind0j0QBNQQQQARWtKLYugsoOJ55GwHwRxO3h04PtIbXDKLqfhFDk/NHxj90UVSqmpxJxJOZ4mACOHDHRhNwwBGTwiBmEYxPzYiImEwBHFMeUhZQjm7ACdI9pHdI9AjoOUoqfzshbV8I6YTt/OELBMAIhrhHoa4QuEx2EQA2DI3R0GOEOgiOwiAGeo4R6JcbuyHwRHaW4AYCWG7sj3vXhEiG47DUARnenDsj0SnDsiVDUdhqAIjvTA0wND2ikId7xYUsw0LNCRu/I7IAie9o972iWDUe6mAIjvWPRKmJcMx0GYAj5eWickGyISaZiQl0QA8ZEOGXCkhSTQg1EJNiFaRwFykJsOoCh0EbjtEOYqNkz2qXjzTgr7j1RbQawBkFr6Rjvx1pxLl8EklVBhsCca0pwEce3CNx7I2FaAcCAekVhEyLR/Vo80R0GSe26Nx7PxjhVqIOw9n4xrntcz4pHmiPPaxnxSPNEAY27NpO/s/GGbtDtjYH9GWlKJCnE12JKaDovJMJ+5Rvxrvlb9SAMcUxxEc97fOEbJ7lG/Gu//ABf/AFw5k9HWUVrVyvjAjDoupENgYl3r84dse97fOHbG6+07HiUeSPPaaX8SjzRAGHpaoM09v4R2E8U/7vwjbfaWX8SjzRHntJL+JR5sAYqPpJ/3erApdBWqTwF6vojafaOW8SjyQe0Ut4hHmwBjQVHQXwjYvaGW8QjzYPaCW8QjzYWDHw7wjsP8I1z3PyviEebB7npX5O35ohYMlEzw7YURNJoSSE0IFDWpqCagAHAXcTxG+NV9zsr8nb80R57m5T5O35ogDLBPN/GHkX6sdC0G/jDyL9WNQ9zUp8nb8wQe5mT+TNeYIAzEWk38ceRfqRwqcaJrrB5q+j4sagdGJP5M15g/CPPctJ/JmvMH4QBl/fbXjB5rnqx6Jxrxg81z1Y073KyfyZvzRHDmiUmQaS7YwzCU1HHEUgDNhOs+MHmuerHQnmfGjzXPViVes1oEjVoz8W36sN1Sbfim/q0fhADZFoseNHmuerDhu15cfrR5rnqwi4w2P1TfmJi16P6LyrrAWtlJUScgAMN1IAg025LeOHmOerHYt6W8cPNc9WLV7ipLxIgGhUl4keUwBUX9I5VKSovCgz5Dh/piwaM6Sh5gKa5aASlKlVScADShFaY7YfnQmQIoZZChuVUjrFaRLSFnMsIDbLSG0DJKEBKemgEcB//Z"
Vero,https://encrypted-tbn0.gstatic.com/images?q=tbn:ANd9GcSn8NuN97QQQh9L5g5_2v2RDKFsAzpQrNKpFw&s
Razer,https://encrypted-tbn0.gstatic.com/images?q=tbn:ANd9GcTAVvC5zpyo8XTgqPXPtWlRbrjWK5MIvEAb3w&s
Mediacom,https://encrypted-tbn0.gstatic.com/images?q=tbn:ANd9GcTN1nrwsV1FonVz3sGx6LrBieKEIuVuwg_IWg&s
Samsung,https://encrypted-tbn0.gstatic.com/images?q=tbn:ANd9GcQM3UUQEa-yEXOj-mM_qoc7a6SOoagTxF8WRg&s
Google,https://encrypted-tbn0.gstatic.com/images?q=tbn:ANd9GcRJK9L2CLR7JKCPHt6bCtfFsIm-_46r3_WOXA&s
Fujitsu,"data:image/jpeg;base64,/9j/4AAQSkZJRgABAQAAAQABAAD/2wCEAAkGBxASDxUTEhMQDxUQFhAPEhUSFRYSFhUVFRcWFxYVFRUYHSggGBolGxYWITIhJSorLi4vFx8zODMsNygtLisBCgoKDg0NFQ8PFS0ZFRk3LS0rKysrOC4rKys3LSs3OCsrKysrKy0rNys3Ky0uNysrKysrNystLTcrKy0rKys3N//AABEIALMBGQMBIgACEQEDEQH/xAAcAAEAAQUBAQAAAAAAAAAAAAAAAgEDBQYHBAj/xAA7EAACAgEBBAcFBwMDBQAAAAAAAQIDEQQFEiExBhMiQVFhcQcUMoGRI0JSYnKhscHR8IKS8TNDU6Ky/8QAFgEBAQEAAAAAAAAAAAAAAAAAAAEC/8QAFxEBAQEBAAAAAAAAAAAAAAAAAAERIf/aAAwDAQACEQMRAD8A7iAAAAAAAAAAAAAAAAAeK3aunjNwlZCMlzTfL5ge0FurUQl8Moy9Gn/BcAAAAAAAAAAAAAAAAAAAAAAAAAAAAAAAAAAAAAAAAAAEbJqMXKTSUU5NvuS4tgYvpNtdaahy+/LMa1+bx9FzOVz1km228ttt572y70p2+9TqHJfBHMK1+Vd/q+ZhJXGojKe+Hqp2/fD4LrY+W82vozXncUdwG4UdNtZHnONn64L+Y4MjR7Rpr/qUQl+mbj+zTOdu4i7Rg6xpvaJpH8cba/kpL9mZXTdL9BZy1EE/CeYf/SRw52lqdgw19GUaqufwThP9MlL+C8fM/WtPKbT8uB7dN0o11Xwam6Pk5OS+kskw19Fg4XpPabtKHxTquX560v3hgzWk9sM1/wBXSxl512OP7OL/AJGLrrQNG2V7UtBbOMJq6hzainOKccvxlFvC8zeSAAAAAAAAAAAAAAAAAAAAAAAAAAABoHtN6Rbkfda32ppSta7o90Pnz9PU2zpJtiGk007p9yxCP4pv4Y/54M4FrdbO62Vk3vSsk5yfmyxFx2EXYedzKbxRedhTfLG8N4C9vkXMsuZTeKi65luUiOSLAo5FuTJMg0BFkZE8FixttKKcm2oxS5tvkkBmuhmyJ6vW11pZjFxnb5RXJfNrH1PpGuGEku5JfQ0/2Z9F1o9KpS4229ub9f6Y4LyXmbkZqwABFAAAAAAAAAAAAAAAAAAAAAAA0j2odJfdtP1FbxbqE1w5wr4qUvV8l8/ADRvaN0l971W5B/Y0Nwj4SlylP+i8l5mpbxbyU3jSLu8U3i3kvVaayW7uxlictyLaxFvw3nw4d/gVEd4o5GU2xsLqKa7Y30aiNkp1t0ttRnBJuLbXHg+aMNkC7kpkhkrkCWSjZTJQAyhUo2Bbskbr7J+i/vN/vNizXV8Hm+Kb/p9fI1LZWzLNVqIUVptzfaa7o/0zy/4PpDYWyq9Lp4UwSSguOO9+JLVZBAAyoAAAAAAAAAAAAAAAAAAAAAAADy7U19enpndY8Qri5v5dy83yPnbb21rNXqZ32c5vgvwxXwxXojdPa30l6y1aSt9ilqVrX3rO6PpH+X5HOsmolGymSjBUZPo7s73jUwrw5J705RXxSjCLm4R/M8YXqbRfpNoarZ8q9x5r1cU6sxhHTVxo4JrK3I9vjnw4mjVWyhJShKUJLipRbi16NcUOunh9qfb4y7T7T8ZePzIrJ7Z1MFCvT1yVkNPvtzXKy2bXWTj+XhGK8o57zFhIrgIIqCqQFAVwVwUUSLV0sL+PPwS8y8zZPZx0a9+1e/NfYad5l+aXHh/T6+QVvnsm6K+70e8Wr7W/ivyx/wCP84nQSkUksLglwSRUwoAAAAAAAAAAAAAAAAAAAAAAAAa9056QrQ6OVix1k810rxm1z9EuJsJyH216W7r6bXl07jrj4Rsy28+bWP8AaIOcWWOUnKTbcm5Nvm23ltkclMg2yqAiWAKEsFEiaQFEiWCqRJICGCuCWCuAIpFcEsEbpqMXJ8kBSnS2XWwoqTlZc1FY7l3s+iOi2wq9FpYUQx2VmbX3pd79O75HOfZFs6qpy1Wo7Nt3Cne5Rhybz3Z5fXxOuJ55cTNWKgAigAAAAAAAAAAAAAAAAAAAAAAAB4NubJq1WnnRasxsWM98X3SXmme8AfMe3Nl26TUzotWJQfB90o/dkvJo8aO6e03op75p+trX2+nTlHHOyHN1+vevP1OGRXcaiKpEkgkSSCKpEkgok0iiiRLBVIlgCCRLdJKJLdAjGJLY2y5a3VKEU3VS9618k34Z/b6+BY1tklu1wWbLXuwS5+bNv6E67T01e74lVdF5ujYt2e94+cfBrKIrYp6SSWMxiksJcXhLkjx6TpFq9LLG9Hdz8E8uuX6Z/cfqj236ngYbXXJpp4afNPiB0DYfTHTahqEn7vb/AOOxpZ/RLlJehsZ8762tpdjDXNQnxSf5Zc4syXRz2i6zSNQszqa1/wBux/aRX5LO9euSYO7AwPRrpfo9dH7GxKa+KqfZsj/p7/VZM8RQAAAAAAAAAAAAAAAAAAAAAAAA477VOiXU2PV0x+ztf20Uvgsf3vKMv59TsRZ1emhbXKuyKnCxOEovk0+DA+Y4onFGb6XdHJ6HUut5lXLM6Z/ihnk3+Jcn8n3mHijaCROMSsYkkghgqkVSJqIEUiU2oRcpcFFZZcrgYnatkrZ9XWt5V8ZeDn3J8eS/zkBLZcJ22StjbXTbHdlFT+7Du7L+KLWVlPnky1m0adViu9Ku6vhXbXLjnxqsXxLxi/oYuVlV+I3yjpravgjCOGscnXJ72/Hh/cT1fWLqdTKFcPuW9W4KTX3t6T+zl8vQispHbN+me7qO3B8I3xXZflNfcl+x7bdepLKeUazO7q21Z1urp57/AGuC8JrhGS/Nj1Ix0F0K3dRHeozjcc4yw3+Bp9n05AZPUanzMbqb4y4Pj/niW6r4WLMXxXxRfCSfg0WbkURjc4tSi5KUXmM1JxlH0ccM3/or7W9RTiGsi9VXwW/HCtj690/2fmzm9kjzzmQfV+wdv6XWV9ZprY2pY3kuEovwlF8Yv1MmfIuzdr36exWUWTqnHinF4+q5P5nXOh/tijLdr10d18Iq6GMecrFwx/p+hMV14Hn0GuqvrjZTOFsJ8Yyg1JP5o9BAAAAAAAAAAAAAAAAAAAAAAYbpZ0fr1umlVLCku3VP8E0uD9O5rwOC6rSTqtlVZFwnXJwkn4rw8V3pn0maN7Sui3X1+80xzbSu2lzsrWXjzku75rwLEckUSe6SrWUT3TSLaROMSW4Vcowi5SeFFNtvuSA8e2db1NXD455UfLxk/Jf2MFQnuRlQ7Iz/ABtqMZp8WmuLz54yW9br96zrbYSlXLMFjD3McYpp/X/gtvrad6de/GqTTlGOG/Heg8PHyIr2OdU44xcro/Fn4q33OM5PDT+jJR1MpYq1MoVqSwpYUYS/VLDxL/EWZzpklZC2XWLDjJb1kv0yXh5Cicbm1fKW98UlJpLh3xSxn6kF1a6dfZUnZV+Ldc5w8t/k4/uWp0bq36nvp9pxcuzLPfHdwk/2KrVSobhat+PJTfNJ8t5/xL6nnsuVU96ie9ntdWufHniK5P8AZlFbZRsw61OuceDfCOPJpccYIVarlCzEJccSbe6/7E9RmbUowdMn3yajny3ObXlgvy0llrxZ23hcFHdbx65k/VRA8dqeceB55mWp2fXxy5YiuVa4vHdv2NZfrgz/AEf6M6i6Uup0cppcITsi7IyfjKUt2KXkmBp2m0VtjxXCdmfwxb/fke6rYk+LssppUcppvfllc0ox5v5nXNkey7Uy3nqdQq1Nrs1ZykvurGIpfU3DYvQHZ2milGrrd1t5ue/xfFvd+H9hsOtD9i+y5w1DtjLUOuVUs7zxW22t3MFwz4cTshGEElhJRS5JLC+hIyoAAAAAAAAAAAAAAAAAAAAAAADkftD6Ne7W+8VL7G6XbS5V2PL+UX/PDwNVUTv+u0dd1UqrIqULE4yT8H/U4lt3Y89FqXTPLi+1TN/fhnhn8y5M1ErwxrNb6Ua/el1MHwjhzfjLuj8uf0M1t3XKirP3pZjFef4n5I0auxS4p5zl572+9sC/XJxyniSksSi+TXn/AHLafVuMZzsdDeE8t7n5ZJFZWKKzJpElqlHOMvHPdaw/muYEIVyU96iLnDhvJpwg/NN8EeiWjnPG84V7vFOGZSX+rgkvmWdPqb7pbtNc7JNZSjGU2/kss23ZHst2xquNkVpovdad0nFpd/ZScvqkQa1KumPGybs/XLeXyjHC+rKR2hH4aa5SzjCit1P5Rxn6s7JsP2IaOvEtTbbqJLL3Y4rhx5rvk180b/sjozodKvsNPTU1w3lFOX+98f3Gq4FsHobtXVcY6aVMW+EpfYxa8W3hy+SZ0ro77L3XVGOovfe5Ro4JttvjOSzL6HSQNGvbI6FbP02NyiE5LlO37WWfHMs4fobAljyKggAAAAAAAAAAAAAAAAAAAAAAAAAAAAABhOlnR6Gt07rfZnHt0z/DPuz+V8mjNgD5U6X7I13XThbVZDqXGqct2W5GLWVJSxhqXHj34MXs7YWpuahpadRd51Vyln1njdXzPr6UU+aTzweSkIJLCSS8lguj572V7GNo34d7q0kObUpuyfzhBY/9kb90f9jOzdPh2u7Vy54nLcr+UIYb+bZ0gEHi2ZsnTaeO7RTVRHwrhGH1wuJ7QAAAAAAAAAAAAAAAAAAAAAAAAAAAAAAAAAAAAAAAAAAAAAAAAAAAAAAAAAAAAAAAAAAAAAAD/9k="
LG,https://encrypted-tbn0.gstatic.com/images?q=tbn:ANd9GcTDEvqwk-TsnTms4JPx0Okfd3is_IE7DKs6PQ&s
